Seed,Seed (Number),Sprecko,Other Rare, Other Rare 2
1LHH,39977,Petula,Lunaptra
10B41,715808,Zefyre,Skiffrig
19F4C,937842,Sefren,Lunaptra
1GLXN,1064668,Turogue,Orgella
1QJLV,1257842,Skorock,Troglum
1YT3H,1410459,Cherrily,Goofsder
25KXM,1551606,Leobro,Mascurry
2809Y,1609963,Diabloceras,Lunaptra
3FK3D,2453296,Noizard,Mistic
3VGNB,2743932,Mascurry,Turogue
4DK21,3136148,Yueffowl,Axolati
4GQG3,3189481,Pladion,Deluja
4YPKR,3530193,Gremlur,Flowish
5FYL6,3877538,Hopra,Opposur
5YFTG,4230940,Gullit,Leobro
6MV3V,4728214,Debugly,Demolipede
76YM9,5121409,Cherrily,Shloom
7BH9L,5207751,Hopsong,Cherrily
7P4BH,5466805,Crabaret,Gastic
7PX1V,5485897,Axolati,Woollie
7Y9VV,5642178,Servace,Skulkapi
8BPWN,5920573,Maraptor,Woollie
B311H,7146862,Boldlur,Sefren
B39FW,7153949,Illugus,Grazada
B7L61,7258846,Blitzwift,Handicoot
B7R43,7262995,Calcroach,Opposur
C1T6N,7824858,Milimine,Tortanchor
C28QH,7836250,Troglum,Demolipede
CRDCD,8351461,Trat,Merrifly
F49XP,9300582,Froofulks,Wormask
FM6JD,9663566,Mudslee,Fetcham
FXMXP,9869939,Beetlback,Musselbound
GDV7R,10215853,Hydrolm,Crabaret
GR13X,10463836,Mudslee,Diabloceras
H6XNT,10778860,Yamyth,Kichik
HFP0D,10943945,Troglum,Squimage
HG7DM,10956915,Diggum,Noizard
HV9Y8,11227329,Vultoxin,Tortanchor
JLWBT,11777678,Skulkapi,Psylusc
JT2G2,11903922,Cherrily,Platypulse
KCPPT,12310350,Deluja,Sefren
KMGCK,12499278,Grazada,Goofsder
KPHX5,12549349,Opposur,Wormask
L6FGY,12888759,Seakit,Flowish
M51GR,13561554,Skorock,Heliath
M6M99,13600922,Radillo,Vultoxin
MFF1F,13766371,Illugus,Proteos
MGJ40,13793357,Mistic,Bindiva
NCH59,14426668,Turtaneer,Milimine
NGNJH,14504365,Woollie,Broslidon
PBQL7,15115822,Servitt,Xiphosaur
PFVDM,15191350,Collarva,Jellibat
PHM5H,15234875,Shooga,Jellibat
PN7CT,15346911,Wottle,Milimine
QKNH0,15992050,Bildit,Petula
TL7LL,17420173,Diggum,Mudslee
VX3JV,18343540,Waglash,Trat
WB6MM,18638812,Bongus,Duggout
WPQYF,18920802,Deluja,Ostrisigh
XR8LQ,19664806,Varkabond,Shloom
10H4GG,20880768,Kichik,Beetlback
10QFN5,21059225,Punkchirp,Fetcham
10Y1BM,21195191,Woollie,Scrubbub
11CLRT,21502538,Riplash,Bindiva
11LY7W,21681209,Scauldra,Humflit
12K46X,22343889,Plumask,Mudslee
12KCR9,22350251,Petula,Beelb
12VP5L,22553260,Beelb,Magpike
12VPGN,22553523,Conjarr,Ostrisigh
137QJ7,22822688,Yamyth,Pladion
13CG0N,22913065,Shooga,Conjarr
145B69,23470811,Noizard,Platypulse
1464XH,23490769,Wisper,Sefren
14KT4F,23775199,Merrifly,Humflit
14PXLC,23875682,Jellibat,Axolati
15DL90,24355621,Bongus,Trat
15VX84,24680222,Kaleidarn,Kichik
1618J1,24786417,Grazada,Demolipede
169R1V,24993733,Collarva,Sprecko
178572,25661638,Varkabond,Kasaleet
184XRH,26290342,Leobro,Milimine
18B1VR,26414876,Conjarr,Riplash
18JH20,26572294,Blitzwift,Hopsong
1B523C,27707684,Demolipede,Petula
1BCDRJ,27863013,Hopra,Grazada
1BMG4V,28059265,Axolati,Radillo
1BPXQ2,28119475,Radillo,Troglum
1BYM71,28283034,Surgus,Wisper
1CDMC2,28600208,Diggum,Platenna
1D9H6D,29230823,Scauldra,Squimage
1DX072,29657229,Hydrolm,Duggout
1F6BV4,29861275,Garood,Orgella
1F8621,29906019,Humflit,Bandicraft
1FMP53,30187002,Radillo,Tortanchor
1FW2CM,30341936,Hydrolm,Bandicraft
1GGC3L,30763885,Flowish,Diggum
1GLQRG,30871268,Grazada,Skibble
1GVTKK,31043502,Grazada,Diggum
1H52XJ,31244790,Kaleidarn,Wottle
1HFGHV,31449655,Froofulks,Goofsder
1HR717,31687234,Noizard,Mistic
1HTC04,31714955,Froofulks,Fetcham
1HX6FM,31784309,Rookee,Gremlur
1JJPVH,32236270,Vultoxin,Jellibat
1JWYP5,32485921,Daredillo,Mudslee
1KB39W,32781626,Deluja,Conjarr
1KBFLK,32790288,Diabloceras,Armantis
1KR3TW,33099118,Conjarr,Flowish
1KV41W,33148070,Hydrolm,Bongus
1LHT95,33628492,Axolati,Shooga
1MHB8R,34323988,Supassum,Milimine
1NK4XD,35075541,Skibble,Heliath
1NWP85,35308781,Scauldra,Proteos
1PHJM5,35743897,Grubiron,Heliath
1PNVV8,35873588,Froofulks,Ostrisigh
1QQ10W,36608756,Sefren,Beetlback
1RD335,37073895,Boldlur,Opposur
1T30RL,37559745,Skorock,Skulkapi
1TH14T,37852709,Kasaleet,Jellibat
1THRTN,37871787,Goofsder,Riplash
1TTHDN,38084212,Druppa,Wottle
1VKTXP,38628775,Kaleidarn,Vultoxin
1VVRB7,38822539,Grazada,Jellibat
1XP87V,40126861,Skulkapi,Skiffrig
1Y2YKR,40387859,Beelb,Fetcham
1Y8NRB,40527626,Goofsder,Mudslee
1YK4YX,40733833,Grubiron,Humflit
20LBCQ,41470051,Punkchirp,Bandicraft
20M234,41487462,Skiffrig,Diabloceras
20YKWK,41720258,Broslidon,Froofulks
21HBVN,42104569,Webbounce,Cherrily
2267K8,42589582,Skulkapi,Boldlur
228329,42634562,Yamyth,Webbounce
22CD3V,42715343,Bindiva,Surgus
22K7KN,42857873,Proteos,Skibble
23P7XB,43662990,Shooga,Gremlur
241472,43879380,Turogue,Zefyre
25812P,44754735,Musselbound,Shooga
25CVV9,44848741,Blitzwift,Wisper
270BGJ,45982097,Diabloceras,Vultoxin
27RCD3,46543814,Beetlback,Armantis
280CHP,46690253,Supilero,Bildit
29NHJN,47888706,Servace,Goofsder
29X8MB,48053619,Turtaneer,Axolati
2B80KT,48290737,Calcroach,Troglum
2C1M9X,48843045,Bongus,Gastic
2D70MX,49680971,Opposur,Handicoot
2DC7VF,49784574,Waglash,Beetlback
2DXTMT,50188932,Bandicraft,Cherrily
2F46NC,50320144,Bildit,Blitzwift
2G6FKH,51082007,Milimine,Sefren
2GLJMR,51377264,Bildit,Duggout
2GWP16,51576042,Mascurry,Kasaleet
2GWVB3,51579664,Surgus,Broslidon
2H4QGQ,51747999,Druppa,Demolipede
2HTN43,52233788,Calcroach,Albrax
2JHHWR,52718021,Sefren,Shloom
2JJ238,52730795,Servitt,Skibble
2JT7YR,52930852,Humflit,Scauldra
2KFQ5N,53381799,Seakit,Cherrily
2M5PY1,54601056,Turtaneer,Mistic
2M675W,54613029,Grazada,Diabloceras
2M8WB5,54677910,Wisper,Proteos
2M98JV,54687355,Varkabond,Daredillo
2MFY76,54801451,Vultoxin,Flowish
2N321Q,55242818,Flowish,Axolati
2NRDB9,55739256,Troglum,Skulkapi
2NXFJK,55837835,Grubiron,Goofsder
2P8QV2,56089540,Crawlurk,Goofsder
2PCR8K,56163070,Axolati,Bindiva
2PL8MK,56321497,Trat,Beelb
2Q0C8N,56591983,Kaleidarn,Diabloceras
2QJTQ1,56993527,Petula,Bindiva
2R52QH,57414041,Gullit,Proteos
2TYY4C,58703609,Garood,Mascurry
2WC879,59686823,Calcroach,Varkabond
2WJ8QT,59809218,Lunaptra,Troglum
2WL4YF,59854795,Servace,Kichik
2WXKKB,60084907,Duggout,Skiffrig
2Y5TVP,60969041,Petula,Kichik
2YPXQW,61361706,Supassum,Gastic
2YW2WH,61462731,Froofulks,Collarva
30B57Y,61781773,Druppa,Proteos
319TH5,62480853,Heliath,Skibble
31HY61,62630286,Collarva,Noizard
32D7QY,63247230,Crabaret,Pladion
32F0R1,63265734,Bongus,Illugus
32HPRL,63332190,Beelb,Garood
32TPP5,63551620,Daredillo,Zefyre
32V3TK,63560970,Hopra,Merrifly
33JF92,64056710,Shooga,Kaleidarn
33MWX1,64141331,Grubiron,Proteos
34D83T,64662078,Fetcham,Waglash
34PL94,64890143,Cherrily,Pladion
34RXBT,64946539,Troglum,Beelb
35GCFF,65420939,Bandicraft,Yueffowl
35J0L2,65460600,Skibble,Albrax
37Q68Q,67026272,Turtaneer,Jellibat
37YQNF,67186401,Wottle,Fetcham
384RJ7,67309065,Zefyre,Squimage
39N9B3,68394618,Beetlback,Tortanchor
3BM30K,69072188,Shloom,Turogue
3CB4YL,69561622,Orgella,Merrifly
3CBKLV,69572272,Tortanchor,Leobro
3CCNVN,69599382,Axolati,Crabaret
3CVCY6,69933332,Webbounce,Albrax
3D5XTQ,70166189,Surgus,Skibble
3D8XX3,70239424,Gullit,Druppa
3DHM70,70402836,Trat,Calcroach
3K0CXT,73567282,Bandicraft,Demolipede
3KQ3P0,74096914,Petula,Daredillo
3LBKLJ,74523230,Crawlurk,Turogue
3LGKWG,74621016,Squimage,Waglash
3M0M00,74987765,Gastic,Scrubbub
3MH9TJ,75345902,Orgella,Shloom
3ML0TT,75411508,Ostrisigh,Squimage
3MTFR8,75568730,Trat,Armantis
3NG5GX,76025151,Bildit,Humflit
3Q3WP7,77189278,Kaleidarn,Squimage
3Q6B6H,77248562,Armantis,Goofsder
3QKMPG,77524844,Heliath,Xiphosaur
3R3HH0,77887127,Opposur,Skulkapi
3R59GB,77930840,Hopra,Cherrily
3RDNC3,78110720,Rookee,Blitzwift
3TF4H6,78829053,Turogue,Beetlback
3TVFK3,79129345,Kaleidarn,Froofulks
3V18BF,79246892,Varkabond,Orgella
3VF02L,79532605,Punkchirp,Psylusc
3VMY8H,79702658,Wisper,Flowish
3VVDGY,79835723,Bongus,Mascurry
3VXYP1,79898133,Illugus,Bildit
3W1BKL,79956063,Merrifly,Bandicraft
3W2B9H,79980217,Punkchirp,Kaleidarn
3WBR1F,80186028,Garood,Jellibat
3WKG7G,80349357,Skiffrig,Punkchirp
3WMDRF,80396916,Boldlur,Diggum
3WT7NW,80514582,Debugly,Plumask
3WVK76,80546984,Yueffowl,Squimage
3XVMX5,81256526,Supilero,Garood
3Y4LT5,81450710,Yueffowl,Albrax
402BDC,82102143,Flowish,Mascurry
409C8F,82273593,Skulkapi,Woollie
40GDG7,82396547,Radillo,Flowish
41VNMM,83378992,Woollie,Servitt
425YQG,83605303,Handicoot,Vultoxin
42DLD1,83767313,Deluja,Beelb
43L4J4,84609273,Blitzwift,Crawlurk
441158,84899103,Trat,Vultoxin
458XYD,85799644,Broslidon,Riplash
45CLKJ,85864927,Turtaneer,Supassum
45HPRJ,85965180,Rookee,Collarva
45WT2B,86235367,Cherrily,Hydrolm
460832,86295099,Hopra,Maraptor
46H5MX,86658900,Shooga,Tortanchor
46P36W,86803174,Lunaptra,Mudslee
483GCT,87788128,Proteos,Heliath
497GR7,88593296,Bildit,Illugus
4B1CVL,89151789,Shooga,Heliath
4BBR3F,89380739,Jellibat,Trat
4C60NF,89971614,Petula,Axolati
4CFFKP,90153191,Woollie,Turogue
4D7G9M,90714745,Mistic,Servitt
4DL2GY,90973086,Servitt,Vultoxin
4DY67X,91220136,Illugus,Garood
4F5NCL,91378351,Petula,Trat
4F9W50,91480761,Grazada,Punkchirp
4FR347,91802842,Bildit,Bindiva
4FYRBK,91941791,Xiphosaur,Yueffowl
4GB8X8,92197939,Mistic,Servace
4GM3X3,92413230,Troglum,Maraptor
4GQ4H8,92486895,Yamyth,Hopra
4H3Y0W,92750552,Scauldra,Skorock
4H4L00,92766505,Fetcham,Cherrily
4HDBV6,92955620,Collarva,Vultoxin
4HMNNJ,93134618,Wisper,Boldlur
4HTR5D,93258647,Crabaret,Proteos
4HWCW3,93297933,Sefren,Albrax
4J96HC,93586085,Troglum,Pladion
4K062G,94073491,Pladion,Fetcham
4K9FHG,94299256,Hopra,Demolipede
4KJDDD,94469049,Diabloceras,Vultoxin
4KYY6P,94775008,Bildit,Crabaret
4L4DY8,94884122,Diggum,Vultoxin
4LJBC0,95174607,Calcroach,Goofsder
4M39K7,95564171,Platypulse,Proteos
4M7Y5V,95677376,Duggout,Noizard
4MCWMR,95773654,Armantis,Turogue
4MGJXV,95838645,Psylusc,Daredillo
4MY4QG,96169843,Demolipede,Broslidon
4NBWBF,96456275,Skorock,Kasaleet
4PXBKH,97564918,Beelb,Milimine
4Q9HQ6,97837538,Scauldra,Illugus
4QTYCT,98214005,Wisper,Supilero
4QY6MD,98293279,Froofulks,Debugly
4R0PH7,98330162,Bindiva,Vultoxin
4RXBXY,98979783,Calcroach,Debugly
4T2V3D,99089242,Supassum,Gremlur
4T9GC3,99250937,Supassum,Webbounce
4TG4FR,99364550,Trat,Seakit
4TQNRP,99573406,Turogue,Gullit
4V98N1,99953431,Fetcham,Hydrolm
4VFD0B,100053780,Broslidon,Garood
4VFJ9V,100057420,Kasaleet,Skibble
4W82LC,100631229,Noizard,Servace
4WLYCN,100896791,Demolipede,Druppa
4WQL93,100985862,Kasaleet,Vultoxin
4WYYTD,101141050,Broslidon,Punkchirp
4X1T72,101185961,Troglum,Lunaptra
4YRLJC,102425024,Surgus,Tortanchor
4YRXQV,102432781,Supilero,Debugly
5033V6,102632166,Servace,Diggum
508VVM,102772626,Blitzwift,Daredillo
50B573,102804046,Mistic,Merrifly
50W3Y5,103193199,Axolati,Scrubbub
512BKK,103320724,Wormask,Plumask
51MX0H,103749139,Turogue,Broslidon
5214CJ,103998395,Trat,Wormask
521YDH,104018607,Axolati,Supassum
527F9C,104152235,Sefren,Debugly
52FPJ9,104305498,Shloom,Sefren
532FKD,104737804,Gullit,Kasaleet
53DH8G,104983117,Kichik,Platenna
544V7X,105503680,Lunaptra,Illugus
55V1J1,106703181,Bandicraft,Trat
5699L4,107027027,Skibble,Servace
57MBKC,107979017,Magpike,Squimage
57PRM2,108038777,Vultoxin,Servace
58895W,108416845,Shloom,Handicoot
58JDNT,108614913,Proteos,Riplash
58L7PD,108659503,Conjarr,Servace
58Q64Q,108755735,Magpike,Demolipede
58T9XB,108807691,Proteos,Beetlback
58Y0D5,108897238,Hydrolm,Musselbound
597M81,109108209,Troglum,Turtaneer
59PQH9,109452389,Cherrily,Kasaleet
5C5YV7,110482061,Deluja,Wisper
5C850H,110535168,Yueffowl,Wisper
5D6645,111194618,Beelb,Bongus
5DG2CP,111386585,Woollie,Trat
5DL024,111482181,Varkabond,Servace
5DTRHW,111648257,Skorock,Daredillo
5FPG33,112274431,Humflit,Calcroach
5GDRBN,112770000,Proteos,Mudslee
5GGTGV,112819740,Supassum,Surgus
5GXD3G,113126375,Orgella,Skibble
5H4BRW,113271619,Wormask,Skibble
5HFC6X,113491469,Daredillo,Squimage
5HVY0B,113798243,Sefren,Debugly
5LJ39D,115679823,Ostrisigh,Tortanchor
5LL005,115725810,Kichik,Riplash
5M6D7V,116150738,Druppa,Calcroach
5ML8XL,116440615,Duggout,Gremlur
5PP7Y5,117927519,Kasaleet,Skulkapi
5PRN71,117986617,Trat,Xiphosaur
5QC49J,118387847,Hydrolm,Platenna
5QFMK4,118449460,Rookee,Squimage
5RC0VD,119092224,Grubiron,Diabloceras
5RK4RV,119241877,Bandicraft,Woollie
5RMK96,119301163,Shooga,Scrubbub
5T30NK,119604253,Garood,Broslidon
5TBR31,119793810,Varkabond,Hopra
5VKXL4,120675616,Jellibat,Surgus
5W2N6Y,121010851,Garood,Supilero
5WB4LY,121192855,Skorock,Broslidon
5WCP9J,121231268,Petula,Varkabond
5WKKMW,121374538,Mascurry,Garood
5X026X,121654215,Jellibat,Bindiva
5XBPNT,121914487,Duggout,Waglash
5YGTFW,122721646,Kasaleet,Sefren
6095T1,123291297,Illugus,Sprecko
609PK0,123304549,Rookee,Lunaptra
60LW8B,123528004,Opposur,Ostrisigh
61356H,123851736,Illugus,Garood
615FMJ,123907620,Fetcham,Illugus
61FPH4,124109332,Hopsong,Kaleidarn
6227K9,124536623,Bildit,Axolati
62MC75,124954306,Musselbound,Cherrily
62MFL8,124956310,Shooga,Collarva
62PK84,125008158,Bildit,Radillo
6368PJ,125342424,Gremlur,Yamyth
63N45B,125680036,Supassum,Milimine
63RNC4,125766827,Skibble,Crawlurk
63TJXH,125788327,Proteos,Supilero
64499W,126001430,Heliath,Supassum
64L1QX,126336526,Shooga,Xiphosaur
64XKPB,126569437,Petula,Cherrily
6524G3,126655850,Bandicraft,Proteos
6534M6,126680387,Turtaneer,Kichik
65CMGM,126887982,Tortanchor,Mistic
66Q759,127853179,Illugus,Turogue
672QVV,128085891,Trat,Diggum
67FFWT,128346629,Humflit,Cherrily
67P57W,128534464,Opposur,Seakit
684FBR,128833944,Armantis,Duggout
686K2B,128885841,Rookee,Mascurry
68C6C6,128998792,Zefyre,Rookee
68NJ9V,129226664,Beetlback,Servitt
68QFDW,129273007,Plumask,Grubiron
693PM9,129523811,Calcroach,Grubiron
694X8Y,129552946,Scauldra,Lunaptra
69KN5G,129864015,Bongus,Shooga
69Q49W,129972632,Blitzwift,Milimine
6C1V64,130892577,Cherrily,Skulkapi
6C4M13,130960552,Diabloceras,Gullit
6C9D4T,131076718,Magpike,Mistic
6CF0JX,131164533,Surgus,Scrubbub
6DCC5R,131831964,Collarva,Demolipede
6F8DKX,132467271,Supassum,Hydrolm
6FD7YJ,132560930,Sefren,Opposur
6FH03W,132627495,Garood,Jellibat
6G6HHV,133128237,Yueffowl,Turtaneer
6G7916,133147155,Goofsder,Jellibat
6GD1H3,133262775,Surgus,Shloom
6GDWDL,133283728,Seakit,Supilero
6GP5P8,133485819,Supilero,Daredillo
6GVV27,133599643,Albrax,Varkabond
6HCLNM,133960125,Milimine,Froofulks
6HGBHQ,134026422,Humflit,Merrifly
6HJ1C9,134067502,Illugus,Beetlback
6J2M2C,134448216,Punkchirp,Froofulks
6K4CJ7,135197949,Varkabond,Petula
6KXWW3,135771797,Illugus,Lunaptra
6L0YFW,135821903,Psylusc,Daredillo
6L9P9C,136035386,Ostrisigh,Skorock
6M9PR6,136743068,Kaleidarn,Zefyre
6MKQDB,136938706,Kaleidarn,Gremlur
6N1LMX,137252619,Riplash,Squimage
6N1Y6H,137260640,Kichik,Illugus
6PXH01,138590914,Wottle,Blitzwift
6Q0VT3,138648800,Druppa,Wottle
6QKM4L,139057802,Albrax,Fetcham
6QT9VV,139220731,Bandicraft,Mascurry
6RJVQ3,139746247,Platenna,Surgus
6RYJN7,140031292,Grazada,Opposur
6T16PF,140071695,Gremlur,Pladion
6T6JVP,140202174,Albrax,Axolati
6TFM92,140374937,Servitt,Illugus
6TVJVT,140665568,Troglum,Turogue
6V5NWW,140888464,Musselbound,Armantis
6V81D1,140945221,Crabaret,Hydrolm
6W7FK5,141638354,Leobro,Radillo
6W8N89,141668373,Crabaret,Rookee
6XCT95,142452210,Diabloceras,Hydrolm
6XVX2P,142795992,Mistic,Bildit
6XXKRQ,142836970,Hydrolm,Shooga
6Y2WQ9,142942053,Collarva,Duggout
6Y98KT,143097508,Flowish,Turtaneer
6YCHQF,143152307,Hydrolm,Wottle
6YTR6N,143475635,Zefyre,Waglash
7086R1,143778869,Gremlur,Druppa
70PL4J,144105482,Skiffrig,Beelb
716PDX,144449694,Jellibat,Humflit
71F22R,144604144,Webbounce,Punkchirp
71R975,144854048,Magpike,Wormask
7207V4,144999221,Heliath,Collarva
72TLG7,145593492,Scauldra,Troglum
732JNF,145762713,Xiphosaur,Radillo
73GV8K,146062606,Humflit,Hydrolm
742GFD,146468108,Flowish,Proteos
74NPWC,146913373,Vultoxin,Skulkapi
75PL59,147641909,Radillo,Armantis
76CGF4,148102163,Froofulks,Shloom
79705X,150114467,Skiffrig,Shooga
79JJR9,150347928,Merrifly,Fetcham
7B6MQJ,150813820,Collarva,Calcroach
7BN21N,151140364,Gastic,Scauldra
7C379Q,151437471,Flowish,Supassum
7C5K7L,151494597,Jellibat,Scrubbub
7CQD1K,151904830,Musselbound,Gullit
7CT6GP,151948943,Ostrisigh,Platypulse
7D110M,152090664,Bindiva,Rookee
7D87J7,152266885,Druppa,Servace
7DBD65,152319576,Mistic,Humflit
7F3MPJ,152862467,Bindiva,Bandicraft
7FBVX8,153038402,Ostrisigh,Leobro
7FG897,153121138,Albrax,Troglum
7FM0NJ,153236683,Scauldra,Yueffowl
7G0GR6,153492424,Varkabond,Noizard
7G1687,153509651,Beetlback,Kaleidarn
7G31RC,153554663,Flowish,Skorock
7G3BHV,153562014,Lunaptra,Debugly
7HN441,154678519,Turtaneer,Maraptor
7HPX8V,154722391,Maraptor,Punkchirp
7J56BX,155021847,Kaleidarn,Psylusc
7JBD9N,155148802,Supilero,Hydrolm
7JGX9T,155258977,Duggout,Gastic
7JR01C,155455526,Punkchirp,Psylusc
7JXXX2,155576534,Skorock,Sprecko
7K171L,155632143,Boldlur,Albrax
7K9PC1,155839302,Skulkapi,Proteos
7KFFFN,155930207,Waglash,Crabaret
7L9J8F,156542303,Rookee,Jellibat
7LL5RF,156752988,Gullit,Plumask
7M7PQC,157205415,Crabaret,Kichik
7MD9G8,157317033,Lunaptra,Orgella
7N5KQY,157860571,Diggum,Yueffowl
7P1VM6,158476915,Gastic,Supilero
7PN82G,158925524,Diabloceras,Jellibat
7PR05F,158992049,Kasaleet,Daredillo
7PY6YB,159119704,Seakit,Sefren
7R3YHW,159942682,Milimine,Tortanchor
7RBW2P,160111341,Proteos,Demolipede
7RDPHD,160156282,Skorock,Skulkapi
7RWVTT,160501365,Scauldra,Blitzwift
7T88D4,160754979,Crawlurk,Yamyth
7TLLLR,161007472,Orgella,Riplash
7VPVBL,161793570,Servitt,Supilero
7WK6HX,162387470,Fetcham,Webbounce
7WKRML,162401874,Webbounce,Froofulks
7XH70B,163046362,Milimine,Gremlur
7YDY9Y,163698416,Trat,Supassum
807GGK,164272112,Psylusc,Hopra
830BXW,166220254,Broslidon,Bongus
831P30,166253172,Shooga,Jellibat
834QLT,166327639,Psylusc,Petula
83BNC6,166472070,Orgella,Merrifly
83V6WB,166826570,Garood,Servace
83X5ML,166874312,Humflit,Shooga
83YQ1B,166912468,Crabaret,Wottle
840BJM,166927209,Skorock,Supilero
840GD0,166930438,Skorock,Waglash
84177L,166948813,Magpike,Sprecko
84F7P6,167241875,Hopra,Shloom
85BQ06,167887995,Petula,Wormask
85H4L4,167995322,Zefyre,Yueffowl
85Y2GF,168310590,Boldlur,Surgus
86KTFC,168768063,Servace,Waglash
87CVRG,169330144,Troglum,Wottle
87GG82,169393613,Squimage,Turtaneer
886RWF,169913884,Gremlur,Yamyth
88VBJT,170366063,Gastic,Platenna
896GR4,170613500,Opposur,Garood
8B2641,171215943,Turtaneer,Beetlback
8BVL4V,171787006,Druppa,Mudslee
8C58WC,171998721,Calcroach,Grubiron
8F6TBC,173450664,Bildit,Vultoxin
8J32XB,175481330,Servitt,Turogue
8JDTV6,175719271,Beetlback,Kasaleet
8JHXK7,175794730,Mistic,Plumask
8K11BK,176138506,Surgus,Petula
8K4QYW,176229865,Rookee,Kichik
8KR09H,176674192,Supassum,Musselbound
8KRJVK,176688114,Merrifly,Orgella
8KYNTW,176813403,Diggum,Punkchirp
8KYWNW,176818333,Yamyth,Psylusc
8LLJMH,177273274,Radillo,Platenna
8M0WMV,177549973,Garood,Turogue
8M6C59,177683270,Garood,Conjarr
8M7P9Q,177716198,Froofulks,Platypulse
8MJYNJ,177941899,Musselbound,Wormask
8MK2L5,177944353,Petula,Jellibat
8MRJ63,178102111,Heliath,Conjarr
8MVY94,178161069,Webbounce,Maraptor
8N9CMG,178464129,Turogue,Hopra
8PBTG1,179206574,Servace,Grubiron
8PDHM1,179247928,Diggum,Boldlur
8PVTLR,179572547,Grubiron,Wisper
8QC8L1,179924904,Daredillo,Kasaleet
8QJQYG,180058926,Handicoot,Bildit
8QM5HM,180117424,Psylusc,Hydrolm
8QY428,180335696,Grazada,Boldlur
8R4M39,180470286,Trat,Yueffowl
8V016V,181772257,Wormask,Skulkapi
8X0913,183193380,Seakit,Shooga
8XGV9N,183548531,Surgus,Yueffowl
8XJ3GK,183578949,Grazada,Webbounce
8XRM8R,183762960,Heliath,Crabaret
8XWFFC,183831214,Zefyre,Squimage
8YB3W8,184140235,Orgella,Hydrolm
8YV93N,184510461,Proteos,Hopra
8YVHQR,184516061,Proteos,Waglash
8YXYCV,184575455,Skulkapi,Grubiron
907HHY,184784142,Platypulse,Turtaneer
9096HL,184825341,Squimage,Albrax
90X0PK,185259470,Wottle,Woollie
913DXW,185391690,Hopra,Magpike
91D6GX,185605769,Varkabond,Proteos
91DMM8,185616828,Grazada,Seakit
921YKK,186063350,Turtaneer,Orgella
92B5LG,186263534,Grubiron,Platypulse
92HHYH,186394180,Mistic,Rookee
93C2MR,186992719,Daredillo,Kaleidarn
93G51H,187067879,Handicoot,Grazada
93NCMR,187219789,Flowish,Diggum
94QK77,187980530,Axolati,Hydrolm
956K56,188297528,Turogue,Beelb
965J0Q,188979450,Yueffowl,Wormask
98NPWB,190764794,Squimage,Boldlur
98P9X4,190779114,Petula,Yamyth
997J8D,191150293,Armantis,Mudslee
9BBY3H,191940691,Merrifly,Mascurry
9BR00B,192234108,Seakit,Platypulse
9BTQ45,192277110,Milimine,Mudslee
9BXRJ6,192351467,Zefyre,Riplash
9C03PC,192383575,Yamyth,Noizard
9CG9T2,192730145,Wottle,Skiffrig
9CGK08,192736183,Grazada,Webbounce
9CKF0P,192805999,Riplash,Trat
9CRHHY,192954457,Gastic,Skibble
9DHMRY,193470222,Froofulks,Seakit
9DL2C2,193528718,Punkchirp,Garood
9DL426,193530143,Hydrolm,Bildit
9DYP9V,193788552,Servitt,Flowish
9F82D1,193992137,Surgus,Crawlurk
9FBWDN,194061118,Radillo,Punkchirp
9FCX4T,194086120,Jellibat,Druppa
9FX9L4,194461592,Daredillo,Musselbound
9G18JL,194533874,Grubiron,Vultoxin
9G1B69,194535257,Crabaret,Hydrolm
9G3K40,194589855,Ostrisigh,Woollie
9G4MG5,194616221,Squimage,Zefyre
9GTYXH,195111957,Boldlur,Mascurry
9J28P2,195972954,Hopsong,Turogue
9K3325,196699871,Scauldra,Druppa
9KR9G2,197193042,Webbounce,Ostrisigh
9LD5GJ,197628694,Kichik,Bongus
9M89FK,198241755,Vultoxin,Deluja
9N2TWD,198815689,Heliath,Pladion
9NQGDK,199294658,Wottle,Conjarr
9PT0QD,200039228,Sefren,Turtaneer
9R4VMF,200986949,Noizard,Blitzwift
9R8FGP,201074276,Platenna,Daredillo
9RQD2C,201414523,Gremlur,Conjarr
9TNMV0,202079569,Garood,Scrubbub
9V21PQ,202332616,Musselbound,Crawlurk
9WDBJD,203291201,Proteos,Mascurry
9XX9LN,204363542,Pladion,Axolati
B0HPPL,205495613,Supilero,Shloom
B0JVGD,205523157,Grubiron,Broslidon
B0TFLH,205708296,Beetlback,Debugly
B0THPP,205710071,Opposur,Platypulse
B0VQ4C,205739844,Punkchirp,Collarva
B169V6,205973405,Woollie,Calcroach
B1DB8T,206120105,Rookee,Garood
B1JNX5,206226603,Bandicraft,Vultoxin
B1M4QH,206286179,Bindiva,Squimage
B1XR95,206496883,Seakit,Heliath
B2HMMY,206908445,Boldlur,Turogue
B2KQN0,206959747,Proteos,Crabaret
B3B7M2,207483663,Goofsder,Woollie
B3BM5G,207493361,Opposur,Platypulse
B3F2BJ,207552378,Woollie,Servace
B43Q20,208032341,Hydrolm,Turogue
B443NT,208041297,Supilero,Radillo
B45M98,208078807,Servace,Bongus
B4FJH7,208271569,Fetcham,Pladion
B4NN28,208445280,Gullit,Gremlur
B5KQ99,209081280,Turtaneer,Daredillo
B61C6C,209389001,Froofulks,Broslidon
B84VKG,210888826,Webbounce,Froofulks
B8XV8N,211449518,Duggout,Demolipede
B9H4Y3,211847033,Froofulks,Armantis
BB3J57,212271075,Hopra,Hydrolm
BB7BY6,212364251,Platenna,Crawlurk
BBTNY3,212787271,Kasaleet,Waglash
BBVB62,212802611,Conjarr,Mistic
BC71BL,213063453,Handicoot,Woollie
BCKHC3,213319131,Pladion,Froofulks
BCPF33,213414773,Crawlurk,Axolati
BDJ0TF,213989795,Duggout,Vultoxin
BDMXFT,214085361,Supilero,Kaleidarn
BDVV9H,214229888,Shloom,Hopra
BFG8C2,214654638,Zefyre,Bandicraft
BFMWLH,214791937,Cherrily,Beelb
BG6CP6,215169624,Zefyre,Magpike
BG9QGC,215251844,Albrax,Seakit
BH7DPY,215902157,Collarva,Servitt
BHY1B5,216404733,Grazada,Diggum
BJCRTC,216716315,Yamyth,Broslidon
BJG3K2,216772450,Skiffrig,Leobro
BJH5RG,216798707,Proteos,Duggout
BJRM4W,217005054,Servitt,Garood
BK7MDL,217322335,Scauldra,Maraptor
BKFLC3,217467784,Bandicraft,Seakit
BKKQ4P,217568519,Bongus,Sprecko
BKQC59,217681230,Mudslee,Ostrisigh
BL48J7,217947303,Froofulks,Radillo
BM4Y01,218670934,Froofulks,Skorock
BM7V1M,218741625,Bandicraft,Sprecko
BMBMTP,218810415,Waglash,Kichik
BMKQC5,218983268,Woollie,Cherrily
BP94QR,220187917,Hopsong,Supilero
BPCCMM,220242491,Plumask,Webbounce
BPYHY0,220660710,Broslidon,Xiphosaur
BQDQ0J,220982858,Scrubbub,Woollie
BQK9XK,221094654,Broslidon,Kichik
BRWNNK,222030484,Xiphosaur,Skulkapi
BRXVJ1,222058946,Gremlur,Squimage
BT84FK,222285104,Milimine,Beetlback
BTJ6R4,222482175,Collarva,Psylusc
BV254P,222846635,Kaleidarn,Hopra
BW0F7B,223511942,Turtaneer,Handicoot
BW7L0B,223686667,Skulkapi,Ostrisigh
BWGDRD,223853013,Servitt,Deluja
BWYW6C,224205739,Beelb,Wormask
BYHKLB,225296022,Collarva,Troglum
C1FGVY,226659504,Merrifly,Bongus
C2P8M0,227556649,Grubiron,Gullit
C2QYJ6,227597777,Psylusc,Gastic
C30LXM,227760422,Handicoot,Psylusc
C3FKJB,228076310,Yueffowl,Wottle
C43Q4G,228543562,Gremlur,Hopsong
C57BRT,229338868,Shloom,Sprecko
C638LN,229946762,Mistic,Bongus
C7VF0Q,231194286,Petula,Broslidon
C9BK1H,232246399,Grazada,Duggout
C9L9VY,232435492,Skorock,Waglash
C9MY7B,232475320,Trat,Scrubbub
C9YKG4,232685767,Bandicraft,Magpike
CBPW7L,233229705,Servitt,Heliath
CBQXKQ,233255229,Garood,Axolati
CBYT0P,233398546,Sefren,Platenna
CCB960,233654363,Druppa,Mascurry
CCPK9J,233929473,Ostrisigh,Seakit
CD14Q2,234138404,Flowish,Troglum
CD2J4D,234172373,Webbounce,Broslidon
CD7BPX,234289780,Deluja,Orgella
CDBQMH,234372969,Debugly,Garood
CDHBXX,234485066,Radillo,Riplash
CDW1JF,234745443,Petula,Bindiva
CDYYR8,234817126,Fetcham,Grubiron
CF6NQY,234981112,Blitzwift,Pladion
CFGYMF,235182850,Vultoxin,Kaleidarn
CFH175,235184176,Punkchirp,Armantis
CFWWBT,235473586,Opposur,Petula
CG5TG8,235667116,Sefren,Supilero
CGQCKK,236070892,Cherrily,Crawlurk
CGQQL7,236080162,Mistic,Skorock
CHBNYX,236493403,Maraptor,Duggout
CHNG5V,236731578,Beetlback,Calcroach
CJ5Q9K,237079860,Deluja,Hydrolm
CJPC4G,237460685,Lunaptra,Radillo
CLH6YM,238725409,Mudslee,Heliath
CLK6J8,238773828,Merrifly,Servitt
CLV3DJ,238966309,Supassum,Kasaleet
CMR7R2,239628481,Crawlurk,Musselbound
CN38GB,239848570,Psylusc,Seakit
CN3PVM,239859831,Tortanchor,Woollie
CNDCQ0,240070816,Blitzwift,Wisper
CNV2Y6,240380484,Debugly,Grubiron
CP14W5,240504052,Turogue,Xiphosaur
CP66M4,240627475,Beelb,Wormask
CPNQLV,240982369,Gremlur,Beelb
CPT6P3,241066534,Shooga,Diabloceras
CQ622T,241330919,Leobro,Waglash
CQ6YBL,241353011,Broslidon,Kasaleet
CQHG0D,241560442,Bongus,Noizard
CRFN09,242223988,Vultoxin,Platypulse
CTGNVL,242956392,Wottle,Blitzwift
CVCFQK,243584531,Varkabond,Skiffrig
CW6JBC,244172036,Trat,Varkabond
CWBBTY,244264969,Grubiron,Cherrily
CWT5W0,244602240,Wottle,Waglash
CXCK1Y,245001859,Bandicraft,Zefyre
CXH9QG,245093282,Albrax,Radillo
CXRBH3,245289021,Servace,Zefyre
CY1HGK,245463934,Armantis,Beelb
CYG0MJ,245768520,Wormask,Mudslee
D0P6YQ,246651837,Diabloceras,Seakit
D12CT2,246899796,Platypulse,Duggout
D1L89Q,247287082,Skibble,Gullit
D2436L,247648621,Fetcham,Boldlur
D2D9G1,247848994,Blitzwift,Radillo
D33QB6,248347596,Servace,Humflit
D497D8,249188656,Garood,Trat
D4JBTV,249362267,Opposur,Seakit
D4YMMT,249662358,Riplash,Grazada
D51GDK,249706721,Crabaret,Servace
D5HMC8,250052334,Skorock,Rookee
D5RTLQ,250251868,Bongus,Hopra
D6LPTW,250834859,Varkabond,Goofsder
D6RTNW,250959211,Servace,Scrubbub
D6Y919,251067973,Demolipede,Squimage
D7Q252,251623142,Zefyre,Merrifly
D81YJG,251840451,Albrax,Petula
D849WF,251897928,Milimine,Demolipede
D851C1,251915142,Bongus,Axolati
D8B9GK,252043918,Wormask,Garood
D8J4QF,252186275,Leobro,Collarva
D91WGH,252545993,Garood,Duggout
D9G9G1,252848739,Froofulks,Crawlurk
D9Q78L,253042012,Wisper,Froofulks
D9YBHV,253191079,Squimage,Gremlur
DB8212,253403423,Troglum,Mistic
DBR2JH,253769706,Grazada,Turogue
DD64H5,254771298,Bongus,Daredillo
DDCJLQ,254903439,Zefyre,Fetcham
DF93WK,255551236,Gastic,Troglum
DFNGRK,255828679,Skorock,Duggout
DGC1WF,256305609,Zefyre,Mistic
DJ667Q,257601889,Yueffowl,Noizard
DJF4VV,257771455,Blitzwift,Woollie
DMCHL3,259853546,Noizard,Sefren
DML06Y,260011331,Kaleidarn,Lunaptra
DNH5B5,260649743,Diggum,Duggout
DNTJMJ,260878767,Servitt,Broslidon
DR70CN,262572313,Supilero,Kaleidarn
DRCFY0,262681275,Skibble,Waglash
DRNV16,262910091,Debugly,Jellibat
DT48D9,263213173,Psylusc,Hopra
DTC0DB,263377169,Webbounce,Crawlurk
DTK081,263523378,Cherrily,Flowish
DTMV87,263593187,Tortanchor,Opposur
DTQWDC,263667315,Goofsder,Waglash
DV8QNF,264030020,Daredillo,Debugly
DV8T34,264031200,Rookee,Mudslee
DVMTQ8,264300034,Gullit,Conjarr
DXLFPV,265680944,Radillo,Milimine
DYJG60,266339828,Platenna,Boldlur
DYKW28,266374201,Hopsong,Servace
DYXYJ5,266620176,Gullit,Riplash
F0XWM3,267325860,Platypulse,Noizard
F1BKVB,267611140,Surgus,Duggout
F2238P,268111053,Yueffowl,Orgella
F230PP,268133296,Lunaptra,Pladion
F3TX60,269374997,Wormask,Yamyth
F49N02,269710384,Noizard,Collarva
F4D0G7,269767142,Scrubbub,Servace
F4TQ60,270078073,Platenna,Tortanchor
F5J934,270579226,Woollie,Gullit
F5Y6K5,270869778,Goofsder,Supilero
F6NJ44,271389979,Jellibat,Rookee
F72F2J,271655689,Shloom,Woollie
F7P86R,272114998,Platypulse,Troglum
F8J953,272701126,Mudslee,Axolati
F8LVDT,272763584,Duggout,Conjarr
F8VF6P,272924038,Blitzwift,Skibble
F97MX5,273197956,Humflit,Waglash
F9T1MR,273597217,Turogue,Punkchirp
F9VBN1,273629182,Axolati,Varkabond
FB06D6,273723147,Duggout,Surgus
FBPXM9,274253183,Platypulse,Squimage
FC13KD,274452445,Shloom,Vultoxin
FCPJ1H,274950697,Demolipede,Wisper
FD09K7,275140378,Servace,Handicoot
FD6P1L,275296351,Mistic,Leobro
FDYGGY,275827409,Crabaret,Sefren
FF5R78,275981089,Armantis,Surgus
FFH9W5,276213753,Scauldra,Blitzwift
FGL5Y6,276990896,Psylusc,Wottle
FHLG1R,277704980,Vultoxin,Surgus
FJ32WV,278037061,Musselbound,Seakit
FK70C1,278839757,Mascurry,Hydrolm
FKF98V,278993597,Gastic,Wormask
FLQ1TL,279914108,Squimage,Armantis
FMJ8TM,280480943,Shloom,Albrax
FN6D9K,280947261,Humflit,Crabaret
FNGRBB,281151646,Merrifly,Petula
FP3NK8,281588326,Orgella,Supilero
FPVM6N,282123736,Plumask,Diabloceras
FQ9BNY,282433638,Daredillo,Heliath
FR5PNB,283052596,Jellibat,Waglash
FR7GXP,283095701,Deluja,Gullit
FRGRT0,283273885,Vultoxin,Gastic
FRL19R,283352527,Riplash,Opposur
FRNYF6,283424111,Waglash,Xiphosaur
FRPT53,283444901,Skorock,Supassum
FTG1DR,283962339,Yueffowl,Jellibat
FTKG7B,284046281,Fetcham,Boldlur
FTV112,284230278,Waglash,Servace
FVJ81Q,284723965,Skiffrig,Tortanchor
FWVH8C,285656826,Orgella,Daredillo
FX85WL,285941613,Waglash,Garood
FXBCY1,285995478,Mistic,Bildit
FXQ5VW,286283038,Grazada,Platypulse
FXX6W4,286405831,Handicoot,Petula
G02BRJ,287213957,Trat,Bildit
G0RY26,287740645,Webbounce,Supilero
G0VBX5,287775009,Druppa,Axolati
G0VHCY,287778773,Kaleidarn,Orgella
G0Y4P8,287842959,Supilero,Zefyre
G1GJTM,288218984,Daredillo,Debugly
G25NQ4,288710055,Punkchirp,Skiffrig
G2GGLT,288924414,Druppa,Trat
G2WP03,289222426,Gremlur,Mistic
G2YD6Q,289263828,Turogue,Bandicraft
G36985,289432069,Froofulks,Varkabond
G3F6X8,289600823,Turtaneer,Garood
G3J0YN,289668985,Daredillo,Scauldra
G4JQJL,290394418,Shooga,Gremlur
G5KNNR,291124527,Xiphosaur,Beetlback
G5QLPT,291244820,Albrax,Supassum
G6RLHN,291976312,Gastic,Diabloceras
G79WT2,292349118,Radillo,Duggout
G7C1NP,292376774,Ostrisigh,Maraptor
G7T9CF,292700290,Calcroach,Troglum
G84GLC,292924197,Mudslee,Humflit
G86DWQ,292971536,Yamyth,Punkchirp
G87C4Y,292994452,Lunaptra,Surgus
G8YVV9,293518985,Grazada,Wottle
G942BL,293621161,Skiffrig,Illugus
G9828Q,293718663,Bandicraft,Gremlur
G9GWY0,293885739,Armantis,Beelb
GB731X,294402198,Troglum,Pladion
GB7JWB,294413839,Goofsder,Gremlur
GBGC7P,294579817,Merrifly,Proteos
GBPXBG,294764076,Heliath,Supassum
GC0RCF,294955852,Heliath,Woollie
GC2GVR,294997477,Plumask,Hopra
GC4X2R,295056521,Xiphosaur,Ostrisigh
GCTCDB,295531122,Gullit,Proteos
GDBXQG,295910707,Kichik,Proteos
GDXLX0,296317882,Rookee,Musselbound
GDXTFJ,296322538,Maraptor,Turogue
GF3RJP,296443734,Daredillo,Blitzwift
GF6D09,296507174,Druppa,Servitt
GFWL52,297000138,Kaleidarn,Armantis
GG35X1,297136176,Gremlur,Hopra
GG5GYD,297192563,Hopra,Rookee
GHM996,298236528,Maraptor,Crawlurk
GHNYJD,298277105,Skiffrig,Musselbound
GKBXC4,299446783,Ostrisigh,Conjarr
GKG6Q1,299526994,Grazada,Supilero
GMP172,301107640,Collarva,Crawlurk
GNYHN0,301997793,Crabaret,Proteos
GPLX9C,302470968,Maraptor,Supassum
GQC0D9,302984904,Demolipede,Psylusc
GQPJ15,303241927,Waglash,Milimine
GR0M31,303439616,Platypulse,Zefyre
GR4DTB,303531903,Heliath,Flowish
GRNQXW,303930640,Orgella,Conjarr
GRTJ7R,304022567,Debugly,Beetlback
GTCD75,304409409,Boldlur,Hopsong
GTRKDC,304706433,Demolipede,Mudslee
GTRP05,304709443,Gastic,Servace
GTWBXJ,304774153,Grazada,Milimine
GV33YV,304914638,Gullit,Demolipede
GVTLP0,305439194,Scrubbub,Yamyth
GW2MTC,305610856,Yamyth,Tortanchor
GWNRDJ,306052879,Calcroach,Trat
GWQ4X0,306086097,Hopra,Jellibat
GX32GR,306327951,Boldlur,Leobro
GX86Q0,306453469,Vultoxin,Boldlur
GXN2PR,306742767,Conjarr,Opposur
GXX7HG,306917512,Zefyre,Yamyth
GXXD69,306921451,Beetlback,Woollie
GYLTHB,307419585,Tortanchor,Druppa
H00PDP,307685265,Blitzwift,Turogue
H07TBJ,307858448,Jellibat,Boldlur
H0V1YR,308278636,Zefyre,Bildit
H0W4NX,308305320,Garood,Ostrisigh
H16L1N,308536037,Servace,Wisper
H1806D,308569814,Skiffrig,Bongus
H1NM45,308878396,Musselbound,Riplash
H1YLR1,309073214,Demolipede,Troglum
H2FR89,309418438,Bildit,Troglum
H2JP3T,309489793,Proteos,Shooga
H31LQX,309829270,Merrifly,Gremlur
H35PJJ,309929164,Handicoot,Wormask
H3H529,310159185,Garood,Kasaleet
H3HJRT,310169060,Diabloceras,Yueffowl
H42TCD,310565652,Gastic,Hopsong
H4CFGD,310775989,Mistic,Debugly
H4H9NV,310870368,Skorock,Wisper
H4VRMT,311126002,Maraptor,Waglash
H56J1V,311363484,Shloom,Deluja
H686BJ,312111385,Diabloceras,Proteos
H6CWL6,312201594,Surgus,Servace
H790XW,312838512,Riplash,Crabaret
H7MBWJ,313090773,Sefren,Plumask
H7PDKJ,313140972,Ostrisigh,Flowish
H89W06,313566856,Handicoot,Seakit
H8HDYB,313702232,Skulkapi,Yueffowl
H8MT28,313809124,Lunaptra,Mudslee
H940G5,314130731,Gremlur,Armantis
H99HDM,314265247,Boldlur,Wottle
H9NXGG,314543671,Scrubbub,Beelb
HB0K7J,314754561,Platenna,Kichik
HBBCN9,314993775,Leobro,Fetcham
HBRD2N,315311162,Mistic,Axolati
HBVM8D,315365993,Zefyre,Psylusc
HC97GQ,315673142,Mascurry,Trat
HCHBJ9,315822044,Surgus,Maraptor
HDJ6M8,316550436,Platenna,Cherrily
HF2GC8,316922767,Skorock,Bindiva
HF7KYY,317047748,Handicoot,Illugus
HFL3X9,317304205,Grubiron,Mistic
HFL96W,317308659,Plumask,Seakit
HFPC83,317383543,Hopsong,Crabaret
HHRCMX,318847226,Leobro,Vultoxin
HHTG9Q,318873843,Calcroach,Skiffrig
HKF883,320015032,Woollie,Demolipede
HL41WM,320497463,Vultoxin,Skibble
HL84N2,320597351,Shooga,Collarva
HL8QTK,320612620,Supassum,Squimage
HLRG0F,320971027,Bandicraft,Milimine
HLVNDB,321025196,Servace,Kichik
HLYYGR,321105162,Shooga,Debugly
HMKXBN,321543204,Zefyre,Diabloceras
HMLLJF,321560191,Fetcham,Jellibat
HNCD18,322091263,Shooga,Demolipede
HP3C92,322602817,Froofulks,Gullit
HP63L4,322669519,Squimage,Sefren
HP8CFL,322724894,Debugly,Servitt
HPK5CV,322939298,Musselbound,Turtaneer
HPRLYG,323097047,Goofsder,Leobro
HQ5GYD,323361960,Shooga,Gullit
HQP781,323745706,Vultoxin,Collarva
HQP97Y,323747386,Conjarr,Gullit
HR5L1Q,324071832,Bindiva,Scauldra
HV2CDV,325407662,Xiphosaur,Daredillo
HV6803,325502325,Skulkapi,Humflit
HWK0DD,326471514,Surgus,Lunaptra
HX0KCX,326778465,Opposur,Goofsder
HX9863,326990228,Riplash,Daredillo
HXPMVY,327292723,Shloom,Hopra
HXV6P9,327379211,Turtaneer,Armantis
J07W8T,328371229,Beetlback,Kasaleet
J0WD81,328822823,Gastic,Turtaneer
J181QF,329082269,Waglash,Supilero
J1T78W,329477146,Jellibat,Leobro
J233X4,329669423,Radillo,Shooga
J2FJ7F,329923675,Riplash,Broslidon
J2JR2X,330002598,Pladion,Vultoxin
J3BR86,330563698,Turogue,Diabloceras
J4BWNF,331273857,Daredillo,Servace
J4YVWY,331712207,Servace,Mudslee
J60H3Y,332434800,Bindiva,Skiffrig
J6DJXR,332729000,Varkabond,Troglum
J7GHDL,333483778,Garood,Supilero
J7NGDR,333629276,Bongus,Bindiva
J7WWPX,333785967,Duggout,Xiphosaur
J8YWQ1,334542029,Petula,Bindiva
J9N42Q,335035137,Grubiron,Orgella
JBGP3F,335610401,Bindiva,Ostrisigh
JCM5Q1,336426710,Bildit,Merrifly
JD41M5,336764709,Illugus,Leobro
JDH5R9,337036472,Fetcham,Hopra
JFDCFM,337675352,Deluja,Radillo
JH3GN9,338873129,Illugus,Wormask
JHVW7J,339419409,Diggum,Servace
JJ540F,339620202,Wormask,Handicoot
JJ847J,339693575,Conjarr,Skulkapi
JK13NL,340229671,Blitzwift,Demolipede
JK1429,340229981,Hopra,Skiffrig
JK2W00,340272805,Gastic,Servitt
JKMMRK,340682215,Vultoxin,Crawlurk
JL9RXC,341149080,Psylusc,Seakit
JLKJQ9,341338158,Hydrolm,Turogue
JM3PFJ,341707944,Servitt,Xiphosaur
JMHQM5,342001616,Illugus,Opposur
JN166F,342353626,Shloom,Noizard
JNV7M5,342940172,Boldlur,Deluja
JP7WCT,343224217,Kaleidarn,Daredillo
JPKTQF,343466733,Yueffowl,Mascurry
JPL294,343472234,Merrifly,Mistic
JQY44K,344424955,Ostrisigh,Kaleidarn
JR98GK,344672499,Bildit,Turtaneer
JRTCWC,345041199,Humflit,Opposur
JRTMM8,345047721,Platypulse,Flowish
JT3010,345226324,Bindiva,Rookee
JTCTWC,345442356,Boldlur,Hopra
JTGY5N,345518287,Yamyth,Hydrolm
JTNLB9,345656345,Calcroach,Conjarr
JWG3JJ,346912139,Grubiron,Xiphosaur,Wisper
JY58C3,348111247,Kichik,Scauldra
JYMB48,348454177,Handicoot,Petula
K12QP8,349464711,Noizard,Xiphosaur
K1MXX9,349883704,Demolipede,Druppa
K1WVHM,350052407,Psylusc,Riplash
K2YQDJ,350805853,Orgella,Plumask
K31P3R,350853536,Trat,Beetlback
K3B1L8,351056637,Jellibat,Yueffowl
K3JC5T,351211020,Crawlurk,Heliath
K3NRPK,351319125,Illugus,Goofsder
K3RM2G,351388374,Broslidon,Beelb
K4XHLH,352190312,Skiffrig,Humflit
K51M51,352266452,Opposur,Magpike
K5RC9G,352796411,Blitzwift,Diabloceras
K6LLJ8,353387831,Boldlur,Beelb
K7CN2P,353925678,Beetlback,Diggum
K7LMKX,354096001,Shooga,Webbounce
K8JDC6,354748422,Illugus,Mistic
K975N2,355230572,Yamyth,Shloom
KB2TJM,355831788,Trat,Sprecko
KB7F5N,355944164,Wormask,Bindiva
KB9JTL,355996014,Merrifly,Zefyre
KCQLT1,357022017,Collarva,Skulkapi
KD8LMJ,357387722,Diggum,Servace
KDJW9X,357589283,Froofulks,Axolati
KDPQXT,357708383,Xiphosaur,Sefren
KFHV57,358271198,Opposur,Punkchirp
KFP93Q,358404033,Grazada,Yueffowl
KG0WB8,358613631,Demolipede,Punkchirp
KG7033,358762280,Bildit,Duggout
KG7JX6,358776435,Milimine,Proteos
KG8T83,358806998,Tortanchor,Demolipede
KGQTYR,359149044,Mascurry,Conjarr
KJ0XD0,360029084,Kasaleet,Turogue
KJVQJM,360634739,Grubiron,Musselbound
KKXMTF,361388501,Calcroach,Supassum
KLY71V,362109424,Jellibat,Rookee
KLYJKY,362117460,Tortanchor,Psylusc
KM6CHM,362283911,Garood,Conjarr
KMDPTC,362438908,Demolipede,Rookee
KMVJ7Q,362751278,Pladion,Druppa
KN4160,362933724,Illugus,Servace
KN6KTT,362996504,Armantis,Fetcham
KNTP5L,363438313,Merrifly,Rookee
KP7GKW,363725450,Calcroach,Zefyre
KQ97T8,364475807,Squimage,Albrax
KRFC7D,365283519,Sefren,Skulkapi
KRGFGM,365309800,Wottle,Sefren
KTF4X9,365985490,Gastic,Cherrily
KTFBWM,365990517,Bongus,Skorock
KTKTVM,366099818,Supassum,Handicoot
KVBLRC,366631264,Sefren,Bindiva
KVFCLV,366698413,Hydrolm,Waglash
KVFLR4,366704424,Froofulks,Webbounce
KW9BM7,367307308,Froofulks,Wottle
KWB5QP,367327593,Collarva,Kichik
KWBT2X,367342998,Wisper,Heliath
KWLTWT,367538803,Turogue,Lunaptra
KWMB8R,367550895,Varkabond,Boldlur
KWVV69,367709772,Servace,Zefyre
KX5F3X,367919112,Crabaret,Illugus
KX64BY,367936136,Hydrolm,Jellibat
KXG4V1,368131656,Petula,Gremlur
KXNKC6,368288522,Zefyre,Servitt
KYBD1F,368747425,Squimage,Cherrily
L02KP9,369264375,Woollie,Mascurry
L081G6,369397047,Waglash,Albrax
L0T04P,369786155,Conjarr,Squimage
L0XN6J,369876195,Albrax,Troglum
L14M20,370021556,Daredillo,Garood
L17VMB,370100272,Axolati,Orgella
L1GPPG,370267693,Daredillo,Radillo
L1X9LQ,370574579,Lunaptra,Turogue
L2YFLX,371309618,Petula,Debugly
L3HTTD,371709252,Milimine,Flowish
L3K72N,371743103,Scrubbub,Fetcham
L4G4N6,372375202,Diggum,Sprecko
L4R2LJ,372592973,Demolipede,Yamyth
L55PP2,372877304,Surgus,Milimine
L62GMH,373505486,Fetcham,Pladion
L64G91,373553960,Diabloceras,Skorock
L72X7M,374223356,Surgus,Orgella
L7930R,374373696,Platypulse,Armantis
L7K66B,374571492,Pladion,Plumask
L7NTL8,374660143,Vultoxin,Milimine
L7XGRP,374822614,Grubiron,Broslidon
L7XY50,374833845,Heliath,Bandicraft
L842B8,374958466,Surgus,Lunaptra
L9LM9D,376021465,Supassum,Goofsder
L9MY37,376053244,Skiffrig,Psylusc
L9QL15,376117941,Deluja,Yamyth
LC8YPJ,377200058,Waglash,Broslidon
LD523X,377811795,Plumask,Tortanchor
LDF8HN,378012294,Squimage,Servitt
LDP38L,378202996,Proteos,Heliath
LDV70P,378303687,Noizard,Skulkapi
LFVHMH,379018241,Riplash,Wisper
LG1P1C,379144706,Opposur,Beelb
LG6BJP,379257845,Hopra,Flowish
LG8X4B,379320561,Illugus,Daredillo
LG95DY,379326698,Collarva,Blitzwift
LHBK3W,380068197,Blitzwift,Skulkapi
LHLMNK,380265475,Hydrolm,Debugly
LHQ73L,380352447,Jellibat,Crawlurk
LJ2LK5,380581592,Varkabond,Shooga
LJC183,380786533,Handicoot,Humflit
LK2F69,381284353,Mascurry,Squimage
LK3VDD,381319011,Crabaret,Gremlur
LK57TJ,381353003,Musselbound,Kasaleet
LKFMLM,381558036,Gullit,Bindiva
LKNX33,381735036,Flowish,Supilero
LM41NL,382738016,Fetcham,Axolati
LN6PL8,383510827,Armantis,Beetlback
LPFC02,384379893,Skulkapi,Ostrisigh
LPKGCR,384480312,Zefyre,Surgus
LQ1F16,384796221,Mascurry,Beetlback
LRG5Q1,385814435,Wormask,Grubiron
LT1J2G,386213343,Riplash,Skorock
LT9077,386395137,Varkabond,Heliath
LT9XCL,386417971,Troglum,Webbounce
LTHJBP,386555028,Deluja,Gastic
LV5GK9,387016928,Xiphosaur,Beetlback
LVBF9R,387137814,Yueffowl,Platenna
LWDG1Y,387894487,Turtaneer,Psylusc
LX92W9,388519215,Duggout,Lunaptra
LXWBCW,388940138,Tortanchor,Sprecko
LY2BTH,389062449,Servace,Magpike
LY4MH3,389118523,Scauldra,Wormask
LY8W4W,389221670,Bindiva,Maraptor
LYG490,389349621,Crabaret,Yamyth
M02N59,389777583,Grubiron,Skibble
M1GLF0,390776073,Cherrily,Goofsder
M1RY44,391003727,Diggum,Turtaneer
M1WFP0,391064768,Shloom,Diabloceras
M20VJV,391147907,Wisper,Scauldra
M2DBQ8,391428117,Varkabond,Conjarr
M2P50Q,391642789,Woollie,Garood
M3QX3D,392393038,Mudslee,Druppa
M4HB97,392915468,Froofulks,Axolati
M53KRN,393336387,Froofulks,Turtaneer
M5G2X1,393592148,Beelb,Zefyre
M5Q80V,393791547,Bildit,Skorock
M5V63P,393863115,Petula,Duggout
M61N7C,393996940,Opposur,Bindiva
M7DKTX,394970486,Boldlur,Troglum
M85050,395492169,Radillo,Musselbound
M8V28C,395981729,Demolipede,Hopsong
M8X5QH,396033440,Shloom,Magpike
M91CGC,396111417,Proteos,Kaleidarn
M97M7W,396264291,Ostrisigh,Leobro
M9CRTT,396365702,Turogue,Handicoot
M9JG3V,396479470,Mascurry,Conjarr
M9N9YK,396573538,Scauldra,Shooga
M9TLP2,396678445,Punkchirp,Gullit
MB7NB1,396972475,Gremlur,Skibble
MC3MH7,397581510,Webbounce,Gastic
MC3W1Y,397587012,Jellibat,Mudslee
MCMV6C,397976523,Grubiron,Skorock
MD6PFJ,398363591,Petula,Deluja
MD7Y57,398393626,Bindiva,Scrubbub
MDQBDD,398744531,Supilero,Ostrisigh
MF0N3F,398923404,Wisper,Psylusc
MF26MB,398960869,Hopra,Surgus
MFMRFN,399389615,Shooga,Calcroach
MFVLMJ,399531914,Scrubbub,Squimage
MGV5MY,400228274,Wisper,Scauldra
MJH8NG,401401484,Albrax,Proteos
MJPN9P,401557598,Shooga,Crabaret
MJY6V5,401716995,Boldlur,Crawlurk
MKHBHC,402110299,Froofulks,Goofsder
ML0G6V,402454862,Pladion,Radillo
ML530X,402567384,Milimine,Leobro
MLJP9F,402851048,Handicoot,Rookee
MLLTWP,402902850,Squimage,Scrubbub
MMTRRC,403755527,Yamyth,Handicoot
MN1H7W,403894684,Grubiron,Duggout
MN61KY,404005147,Albrax,Supilero
MN9Q0X,404095481,Diabloceras,Bindiva
MQ0F92,405283209,Xiphosaur,Duggout
MR863R,406179562,Supilero,Skiffrig
MRBLGY,406238756,Blitzwift,Woollie
MRD10Y,406272831,Mascurry,Blitzwift
MRD86R,406278887,Humflit,Squimage
MRQ6F6,406521281,Vultoxin,Skibble
MV3JWK,407481250,Daredillo,Trat
MV556H,407520195,Crabaret,Ostrisigh
MVHFRB,407771301,Noizard,Musselbound
MVP3DG,407908910,Druppa,Skorock
MVQ6CP,407935800,Gullit,Duggout
MW10PM,408126154,Druppa,Illugus
MW3BQQ,408183374,Servace,Mistic
MW9XD7,408343700,Leobro,Gullit
MWDXGB,408416928,Scrubbub,Servace
MWGYHG,408466580,Maraptor,Kaleidarn
MXL2G2,409249510,Riplash,Proteos
MXQBP3,409353998,Beelb,Heliath
MYR2QT,410078990,Leobro,Kaleidarn
N0D083,410515883,Wottle,Boldlur
N0QVY8,410781383,Crabaret,Handicoot
N1TPMN,411533829,Woollie,Blitzwift
N1VW5B,411562007,Varkabond,Troglum
N1XC25,411598078,Skiffrig,Scauldra
N31745,412375220,Pladion,Broslidon
N3KJ39,412772988,Yamyth,Armantis
N4KWFY,413488988,Handicoot,Goofsder
N5FD3V,414086646,Grubiron,Crawlurk
N5VGJ5,414381353,Maraptor,Druppa
N648Q5,414571593,Mistic,Garood
N6VT98,415096844,Skibble,Xiphosaur
N7LFD8,415624238,Turogue,Hopra
N7V9NP,415791842,Supassum,Turtaneer
N7VTV0,415804581,Deluja,Ostrisigh
N94LXH,416702001,Ostrisigh,Platypulse
N94XQ1,416709411,Grazada,Deluja
N9BQLB,416851433,Lunaptra,Bildit
N9F4BL,416909238,Squimage,Turogue
NB097K,417303579,Seakit,Bongus
NBKL3N,417725648,Cherrily,Wormask
NBT5GX,417885764,Radillo,Pladion
NC5GFH,418137182,Troglum,Skibble
NDNNGT,419215382,Hopra,Skibble
NF61XX,419565618,Froofulks,Woollie
NFCKMX,419700787,Cherrily,Surgus
NFD9TC,419718577,Merrifly,Mudslee
NFTG72,420014948,Kasaleet,Troglum
NG0XYV,420148458,Plumask,Hopra
NGCQ7W,420411924,Demolipede,Kichik
NGDFT8,420429219,Petula,Goofsder
NGX4MP,420787353,Yueffowl,Maraptor
NH1655,420861780,Jellibat,Leobro
NJ2V9R,421609563,Yamyth,Seakit
NJF3WD,421859822,Skorock,Daredillo
NJF9MB,421864663,Flowish,Turogue
NK9DW5,422477109,Conjarr,Trat
NKF2CF,422565828,Garood,Maraptor
NL7YTC,423149016,Zefyre,Debugly
NLQV46,423511743,Deluja,Cherrily
NMJLX2,424067466,Bindiva,Wormask
NN43W0,424469433,Riplash,Axolati
NN6G5M,424526872,Wottle,Conjarr
NNPP0K,424898447,Kaleidarn,Milimine
NP1HT4,425113585,Fetcham,Gremlur
NPFKFW,425407638,Boldlur,Albrax
NPYRMY,425778695,Hopra,Waglash
NQ8Q44,425996896,Radillo,Froofulks
NQNJ73,426284604,Surgus,Skiffrig
NQRGX0,426356666,Turtaneer,Wormask
NR7BDR,426669947,Cherrily,Lunaptra
NRD1Y2,426784766,Armantis,Illugus
NRH4FV,426860044,Calcroach,Crabaret
NRWLCL,427140032,Proteos,Kasaleet
NT24C8,427250193,Albrax,Milimine
NT8QXN,427412141,Vultoxin,Kaleidarn
NTNLLJ,427701180,Pladion,Proteos
NTNXTV,427708932,Crawlurk,Webbounce
NTT57R,427787491,Platenna,Supassum
NTXB0R,427864660,Gremlur,Skorock
NV6Y37,428074981,Varkabond,Gullit
NW075T,428618342,Gullit,Daredillo
NW7B1M,428791467,Woollie,Illugus
NX68NK,429473226,Kichik,Demolipede
NXC46K,429591401,Crabaret,Petula
NXF3BJ,429639453,Plumask,Supilero
NXNQC2,429826170,Bindiva,Radillo
NXWMJ7,429970131,Supilero,Yamyth
NY774W,430203600,Leobro,Froofulks
NYK4T4,430445525,Squimage,Bandicraft
P0BMJ3,430994465,Varkabond,Shooga
P0G6W9,431081384,Xiphosaur,Bandicraft
P0RCMY,431304906,Boldlur,Crabaret
P198P8,431668256,Tortanchor,Shooga
P2LY9N,432611522,Albrax,Magpike
P2PFPY,432672430,Milimine,Ostrisigh
P31DYD,432891277,Tortanchor,Mudslee
P3YHQJ,433552133,Magpike,Platypulse
P42THG,433632664,Conjarr,Riplash
P49V83,433804014,Bindiva,Skiffrig
P5Y191,434954529,Troglum,Gullit
P6CNKQ,435263429,Kasaleet,Boldlur
P6D0JY,435270975,Platenna,Duggout
P6W1YM,435613601,Zefyre,Yueffowl
P72F54,435744956,Troglum,Crabaret
P7D727,435983716,Woollie,Grazada
P86XM5,436561974,Boldlur,Diabloceras
P905RP,437104551,Opposur,Surgus
P9BN3W,437360481,Diabloceras,Platypulse
PB1K2N,437845703,Yamyth,Froofulks
PB4GWK,437917040,Mistic,Froofulks
PBD17B,438100661,Yueffowl,Ostrisigh
PBYCGK,438499505,Illugus,Fetcham
PC55MY,438640949,Duggout,Beelb
PC8RLP,438729218,Magpike,Turtaneer
PD9WBP,439463179,Albrax,Turtaneer
PDC7X5,439496455,Grazada,Mascurry
PDQNTK,439775592,Blitzwift,Diabloceras
PH4MML,441457448,Gastic,Beetlback
PH6KWH,441504744,Humflit,Gastic
PHJ206,441735256,Heliath,Goofsder
PHNXY4,441854647,Albrax,Lunaptra
PJ6LVM,442212841,Albrax,Trat
PKW1HJ,443393312,Kaleidarn,Mudslee
PL5PT8,443605497,Bildit,Gremlur
PLKX7F,443902723,Surgus,Mistic
PLLJQY,443918311,Waglash,Pladion
PM5CVN,444304409,Musselbound,Boldlur
PMVP13,444799886,Plumask,Orgella
PN5T97,445022146,Gremlur,Opposur
PN7VN6,445072083,Troglum,Varkabond
PNJG0G,445281761,Varkabond,Crabaret
PNQVYR,445438167,Bildit,Heliath
PP2K3X,445650219,Wormask,Ostrisigh
PPHQKH,445971875,Bindiva,Skibble
PPLVF7,446047441,Hopsong,Daredillo
PQK6HR,446714428,Sefren,Opposur
PR53P0,447126669,Mascurry,Gastic
PRF96F,447326405,Albrax,Supassum
PTB4DF,447956488,Turogue,Yamyth
PTBJX0,447967002,Yamyth,Grazada
PTKC3D,448132836,Illugus,Psylusc
PTR45D,448273341,Collarva,Diggum
PWFL2L,449455706,Daredillo,Wisper
PXR8D0,450398739,Xiphosaur,Humflit
PXXVG6,450510656,Squimage,Orgella
Q21R1T,452703625,Tortanchor,Proteos
Q23199,452734118,Mudslee,Pladion
Q2RBQP,453229856,Kasaleet,Turtaneer
Q3B1X8,453612643,Turogue,Calcroach
Q3XCB1,454035166,Boldlur,Magpike
Q537WQ,454861513,Waglash,Hopra
Q57HLF,454965556,Gremlur,Gullit
Q5W64Y,455420987,Petula,Blitzwift
Q6K855,455910455,Radillo,Gastic
Q6LY6N,455951708,Armantis,Humflit
Q765RW,456347477,Wisper,Zefyre
Q76L66,456357897,Squimage,Calcroach
Q7M2JJ,456661798,Albrax,Shooga
Q8GL5H,457260270,Calcroach,Turogue
Q8JR3L,457313198,Axolati,Merrifly
Q8WJ8C,457551339,Hopsong,Grubiron
Q9HL1Q,457991831,Bildit,Zefyre
Q9YH8L,458306564,Milimine,Gastic
QB2KGL,458381587,Musselbound,Heliath
QB2WN3,458389315,Supassum,Conjarr
QBBC5G,458571388,Daredillo,Platypulse
QCMT0L,459508962,Pladion,Beetlback
QCXQ42,459702492,Squimage,Boldlur
QD5R8L,459874188,Flowish,Varkabond
QDN31K,460222999,Debugly,Shloom
QDT13N,460318934,Woollie,Skorock
QDXJ9P,460404891,Tortanchor,Supassum
QJ473F,462665317,Mudslee,Platenna
QK25K1,463322532,Varkabond,Servitt
QKC7HH,463543671,Ostrisigh,Flowish
QKTP3C,463872150,Plumask,Turtaneer
QLW5PL,464615282,Servace,Illugus
QMBFJ9,464938913,Calcroach,Bandicraft
QN0YPG,465415069,Sefren,Humflit
QNDJKW,465697541,Heliath,Grazada
QNFJTH,465722122,Tortanchor,Illugus
QNMDKC,465864885,Seakit,Cherrily
QNYG32,466085653,Bildit,Seakit
QP2V95,466168248,Vultoxin,Deluja
QP3WGG,466193632,Kaleidarn,Bindiva
QPPJCC,466624134,Troglum,Skibble
QR0J1M,467526245,Squimage,Mistic
QVXTQ2,469606630,Kaleidarn,Supassum
QWRLPF,470211291,Wottle,Tortanchor
QXQQQ8,470897571,Lunaptra,Froofulks
R04K8K,471868529,Platypulse,Armantis
R1VB1G,473081886,Yamyth,Turtaneer
R27HGX,473354760,Skibble,Handicoot
R2FL1F,473503226,Plumask,Crawlurk
R2H1HT,473538124,Deluja,Tortanchor
R2TPB2,473774278,Shooga,Kichik
R3QWT0,474437390,Mudslee,Diggum
R4D3JQ,474881228,Diggum,Humflit
R500BM,475293141,Collarva,Skiffrig
R55014,475414810,Troglum,Albrax
R6BB4F,476252542,Handicoot,Plumask
R6JJ7P,476404017,Lunaptra,Collarva
R73D66,476790833,Servitt,Radillo
R8K9V6,477837588,Scrubbub,Hydrolm
R8KWCG,477851487,Scauldra,Opposur
R8T9G4,478007990,Yueffowl,Webbounce
R9HXQ6,478511142,Musselbound,Druppa
R9RH1R,478695570,Webbounce,Trat
RBDDRN,479132684,Gullit,Druppa
RC37TY,479616296,Gremlur,Gastic
